{
  "episodes": 296,
  "epsilon": 0.06803825325595748,
  "avg_reward": 1.4094888092888318,
  "q_table": {
    "H_L_H_M": [
      0.0,
      0.0788
    ],
    "H_L_H_L": [
      0.0,
      0.0054
    ],
    "H_L_M_M": [
      0.0,
      0.0048
    ]
  }
}