{
  "episodes": 245,
  "epsilon": 0.08785693280297067,
  "avg_reward": 0.9672896287727785,
  "q_table": {
    "H_L_H_M": [
      0.0,
      -0.0065
    ]
  }
}