{
  "episodes": 193,
  "epsilon": 0.1140186353151828,
  "avg_reward": 1.423847415741722,
  "q_table": {
    "H_L_H_M": [
      0.0,
      0.0671
    ],
    "H_L_H_L": [
      0.0,
      0.0034
    ],
    "H_L_M_M": [
      0.0,
      0.0029
    ]
  }
}